,Rank,country_abrv,total_points,previous_points,rank_change,rank_date,year,country,gdp_per_capita,gdp_val
0,1,GER,1725.29,1725,0,2014-12-18,2014,Germany,48024.0,3889093051024.0
1,2,ARG,1538.29,1538,0,2014-12-18,2014,Argentina,12335.0,526319673732.0
2,3,COL,1449.77,1450,0,2014-12-18,2014,Colombia,8114.0,381112119657.0
3,4,BEL,1417.27,1417,0,2014-12-18,2014,Belgium,47764.0,535390200131.0
4,5,NED,1374.24,1374,0,2014-12-18,2014,Netherlands,52901.0,892167986714.0
5,6,BRA,1316.15,1316,0,2014-12-18,2014,Brazil,12113.0,2455993625159.0
6,7,POR,1160.22,1160,0,2014-12-18,2014,Portugal,22104.0,229901964222.0
7,7,FRA,1159.55,1160,0,2014-12-18,2014,France,43069.0,2855964488590.0
8,9,ESP,1141.56,1142,0,2014-12-18,2014,Spain,29501.0,1371222712536.0
9,10,URU,1135.08,1135,0,2014-12-18,2014,Uruguay,16832.0,57236013086.0
10,11,ITA,1102.85,1103,0,2014-12-18,2014,Italy,35566.0,2162009615997.0
11,12,SUI,1090.63,1091,0,2014-12-18,2014,Switzerland,89685.0,734396591037.0
12,13,ENG,1031.53,1032,0,2014-12-18,2014,England,47452.0,3065521109395.0
13,14,CHI,1021.76,1022,0,2014-12-18,2014,Chile,14671.0,260541637328.0
14,15,ROU,1014.21,1014,0,2014-12-18,2014,Romania,10044.0,199959363430.0
15,16,CRC,997.28,995,0,2014-12-18,2014,Costa Rica,10847.0,52016408951.0
16,17,CZE,987.29,987,0,2014-12-18,2014,Czech Republic,19891.0,209358834156.0
17,18,ALG,947.76,948,0,2014-12-18,2014,Algeria,5493.0,213810023703.0
18,19,CRO,946.45,946,0,2014-12-18,2014,Croatia,13599.0,57639588806.0
19,20,MEX,913.15,913,0,2014-12-18,2014,Mexico,10929.0,1315351183525.0
21,22,TUN,866.86,867,0,2014-12-18,2014,Tunisia,4305.0,47632390882.0
22,23,AUT,862.77,863,0,2014-12-18,2014,Austria,51786.0,442584815286.0
23,24,GRE,856.07,856,1,2014-12-18,2014,Greece,21631.0,235608854196.0
24,25,UKR,853.96,854,1,2014-12-18,2014,Ukraine,3105.0,133503411376.0
25,26,ECU,852.2,852,1,2014-12-18,2014,Ecuador,6377.0,101726331000.0
26,27,USA,835.79,836,1,2014-12-18,2014,USA,55050.0,17527163695000.0
29,30,DEN,803.74,804,0,2014-12-18,2014,Denmark,62549.0,352993631618.0
30,31,RUS,788.8,789,0,2014-12-18,2014,Russia,14096.0,2059241965491.0
31,32,ISR,788.03,788,0,2014-12-18,2014,Israel,37738.0,310047504909.0
32,33,ISL,760.94,761,0,2014-12-18,2014,Iceland,54577.0,17867662178.0
34,35,SEN,733.84,734,0,2014-12-18,2014,Senegal,1397.0,19797254643.0
36,37,GHA,714.35,714,0,2014-12-18,2014,Ghana,1900.0,51717482624.0
37,38,SRB,713.05,617,8,2014-12-18,2014,Serbia,6600.0,47062206678.0
38,39,GUI,705.98,698,-1,2014-12-18,2014,Guinea,787.0,8778473615.0
39,40,CPV,693.21,693,-1,2014-12-18,2014,Cape Verde Islands,3589.0,1859898513.0
40,41,POL,679.84,684,-1,2014-12-18,2014,Poland,14271.0,542477096212.0
41,42,CMR,665.16,664,-1,2014-12-18,2014,Cameroon,1543.0,34989493826.0
42,43,NGA,655.91,656,-1,2014-12-18,2014,Nigeria,3099.0,546676374568.0
43,44,SWE,645.95,646,-1,2014-12-18,2014,Sweden,60020.0,581964017237.0
44,45,HUN,632.41,632,-1,2014-12-18,2014,Hungary,14267.0,140765018881.0
45,46,ZAM,624.54,516,16,2014-12-18,2014,Zambia,1762.0,27141023558.0
46,47,SVN,621.98,622,-2,2014-12-18,2014,Slovenia,24247.0,49997186439.0
48,49,TUR,604.3,604,-1,2014-12-18,2014,Turkey,12158.0,938952628604.0
49,50,MLI,602.67,603,-1,2014-12-18,2014,Mali,848.0,14364937997.0
50,51,IRN,579.64,547,5,2014-12-18,2014,IR Iran,5586.0,432687036178.0
51,52,RSA,578.72,568,-1,2014-12-18,2014,South Africa,6433.0,350904575292.0
52,53,PER,564.94,565,-1,2014-12-18,2014,Peru,6673.0,200789362452.0
53,54,JPN,563.27,563,-1,2014-12-18,2014,Japan,38109.0,4850413536038.0
54,55,TRI,550.64,553,-1,2014-12-18,2014,Trinidad and Tobago,20271.0,27615843098.0
55,56,COD,548.25,548,-1,2014-12-18,2014,Congo DR,487.0,35909040266.0
56,57,PAN,547.4,547,-1,2014-12-18,2014,Panama,12796.0,49921400000.0
57,58,ALB,543.47,577,-8,2014-12-18,2014,Albania,4579.0,13228144008.0
58,59,MNE,537.45,537,-1,2014-12-18,2014,Montenegro,7388.0,4594024180.0
59,60,EGY,531.02,527,0,2014-12-18,2014,Egypt,3380.0,305595408895.0
60,61,CGO,529.08,529,-2,2014-12-18,2014,Congo,3776.0,17889079958.0
61,62,TOG,524.28,516,0,2014-12-18,2014,Togo,641.0,4574986537.0
62,63,BFA,522.54,510,2,2014-12-18,2014,Burkina Faso,793.0,13943016924.0
63,64,IRL,518.78,519,-3,2014-12-18,2014,Republic of Ireland,55661.0,259254454390.0
64,65,GAB,511.47,511,-1,2014-12-18,2014,Gabon,9663.0,18203968002.0
65,66,BUL,506.01,506,0,2014-12-18,2014,Bulgaria,7877.0,56901994980.0
66,67,NOR,499.52,500,0,2014-12-18,2014,Norway,97019.0,498410050251.0
67,68,RWA,493.62,367,22,2014-12-18,2014,Rwanda,744.0,8241332517.0
69,70,FIN,468.39,468,0,2014-12-18,2014,Finland,50327.0,274862826772.0
70,71,HON,460.78,461,1,2014-12-18,2014,Honduras,2206.0,19756494435.0
71,72,GUA,458.2,458,1,2014-12-18,2014,Guatemala,3780.0,57852399964.0
72,72,HAI,457.72,484,-4,2014-12-18,2014,Haiti,1402.0,14790765760.0
73,74,UZB,454.13,448,0,2014-12-18,2014,Uzbekistan,2492.0,76658542757.0
74,75,JAM,449.09,467,-4,2014-12-18,2014,Jamaica,4834.0,13899228824.0
75,76,UGA,438.32,425,2,2014-12-18,2014,Uganda,880.0,32472362949.0
76,76,PAR,438.05,438,-1,2014-12-18,2014,Paraguay,6118.0,40377987209.0
77,78,LBY,437.49,437,-2,2014-12-18,2014,Libya,6467.0,41142722414.0
78,79,ARM,436.1,436,-2,2014-12-18,2014,Armenia,3986.0,11609512940.0
79,80,ANG,395.19,394,1,2014-12-18,2014,Angola,5408.0,145712200313.0
80,81,MAR,393.48,393,1,2014-12-18,2014,Morocco,3172.0,110081248587.0
81,81,UAE,393.31,385,4,2014-12-18,2014,United Arab Emirates,43752.0,403137100068.0
82,81,JOR,393.28,382,5,2014-12-18,2014,Jordan,4131.0,36847643521.0
83,84,EST,390.3,390,-1,2014-12-18,2014,Estonia,20394.0,26809132542.0
84,85,BOL,374.71,375,2,2014-12-18,2014,Bolivia,3082.0,32996188017.0
85,86,SLE,374.15,387,-2,2014-12-18,2014,Sierra Leone,715.0,5015157816.0
86,87,CYP,371.77,372,1,2014-12-18,2014,Cyprus,27163.0,23156850007.0
87,88,VEN,368.55,369,1,2014-12-18,2014,Venezuela,16056.0,482359318768.0
88,89,BEN,361.07,361,2,2014-12-18,2014,Benin,1291.0,13284527850.0
89,90,MWI,358.06,357,4,2014-12-18,2014,Malawi,371.0,6047813437.0
90,90,SLV,357.72,358,3,2014-12-18,2014,El Salvador,3589.0,22593460000.0
91,92,LTU,355.14,355,3,2014-12-18,2014,Lithuania,4798.0,14068156841.0
92,93,OMA,346.52,351,3,2014-12-18,2014,Oman,20035.0,80686929102.0
93,94,ATG,343.74,413,-14,2014-12-18,2014,Antigua and Barbuda,13502.0,1249733333.0
94,95,QAT,342.12,338,3,2014-12-18,2014,Qatar,83858.0,206224598565.0
95,96,LVA,338.78,339,1,2014-12-18,2014,Latvia,15734.0,31371093970.0
96,97,CHN,336.19,336,2,2014-12-18,2014,China PR,7679.0,10475682920598.0
97,98,MOZ,332.5,334,2,2014-12-18,2014,Mozambique,674.0,17716084108.0
98,99,BLR,331.24,331,2,2014-12-18,2014,Belarus,8319.0,78813839984.0
99,100,MKD,324.47,324,3,2014-12-18,2014,FYR Macedonia,5468.0,11361563307.0
100,100,AUS,324.32,327,2,2014-12-18,2014,Australia,62511.0,1467483705132.0
101,102,KSA,323.33,314,4,2014-12-18,2014,Saudi Arabia,24464.0,756350347333.0
102,103,IRQ,320.35,321,1,2014-12-18,2014,Iraq,6638.0,228415656175.0
103,104,FRO,317.21,317,1,2014-12-18,2014,Faroe Islands,59434.0,2850743875.0
104,105,TAN,314.04,285,7,2014-12-18,2014,Tanzania,1030.0,49964788814.0
105,106,DOM,309.58,361,-15,2014-12-18,2014,Dominican Republic,6609.0,67179914027.0
106,107,BOT,309.39,309,1,2014-12-18,2014,Botswana,7781.0,16250781587.0
107,108,ZIM,307.81,314,-2,2014-12-18,2014,Zimbabwe,1435.0,19495519600.0
108,109,NAM,294.59,295,0,2014-12-18,2014,Namibia,5470.0,12435416063.0
109,110,SDN,294.24,265,5,2014-12-18,2014,Sudan,1625.0,61731303935.0
110,110,SDN,294.24,265,5,2014-12-18,2014,Sudan,1625.0,61731303935.0
111,111,ETH,290.43,287,-1,2014-12-18,2014,Ethiopia,567.0,55612228234.0
112,112,CAN,286.5,287,-2,2014-12-18,2014,Canada,50956.0,1805749878440.0
114,113,CUB,270.54,423,-34,2014-12-18,2014,Cuba,7133.0,80656000000.0
115,115,LBR,268.13,249,6,2014-12-18,2014,Liberia,721.0,3144000000.0
116,116,KEN,261.15,271,-2,2014-12-18,2014,Kenya,1316.0,61448046802.0
117,116,NIG,260.65,261,0,2014-12-18,2014,Niger,565.0,10862944204.0
118,118,SKN,258.37,258,-1,2014-12-18,2014,St Kitts and Nevis,18051.0,916566667.0
119,119,VIN,256.3,256,-1,2014-12-18,2014,St Vincent and the Grenadines,6684.0,727714815.0
120,120,EQG,251.17,251,-1,2014-12-18,2014,Equatorial Guinea,19394.0,21765453087.0
121,121,MDA,250.01,250,-1,2014-12-18,2014,Moldova,3329.0,9510219299.0
122,122,BHR,249.49,243,3,2014-12-18,2014,Bahrain,24989.0,33387712766.0
123,123,LES,247.24,247,-1,2014-12-18,2014,Lesotho,1195.0,2441053176.0
124,124,KUW,246.16,246,-1,2014-12-18,2014,Kuwait,44062.0,162631412509.0
125,125,GEO,238.65,239,1,2014-12-18,2014,Georgia,4739.0,17627003455.0
126,126,LIB,237.98,238,1,2014-12-18,2014,Lebanon,7688.0,48134486625.0
127,127,BDI,232.06,245,-3,2014-12-18,2014,Burundi,275.0,2705783330.0
128,128,LUX,230.12,230,1,2014-12-18,2014,Luxembourg,118982.0,66191895299.0
129,129,ARU,221.39,218,2,2014-12-18,2014,Aruba,26893.0,2790849162.0
130,130,MDV,220.12,184,12,2014-12-18,2014,Maldives,8499.0,3697351597.0
131,130,PHI,219.97,231,-2,2014-12-18,2014,Philippines,2960.0,297483247101.0
132,132,LIE,218.61,219,-2,2014-12-18,2014,Liechtenstein,178865.0,6657170923.0
133,133,GNB,217.9,218,-2,2014-12-18,2014,Guinea-Bissau,623.0,1054915645.0
134,134,NZL,216.5,216,-1,2014-12-18,2014,New Zealand,43367.0,195864833598.0
135,135,AZE,214.88,215,0,2014-12-18,2014,Azerbaijan,7891.0,75244294275.0
136,135,TJK,214.63,215,0,2014-12-18,2014,Tajikistan,1104.0,9112544556.0
137,137,MTN,210.86,195,4,2014-12-18,2014,Mauritania,1677.0,6592537782.0
138,137,VIE,210.86,206,1,2014-12-18,2014,Vietnam,2030.0,186204652922.0
139,139,KAZ,204.81,205,0,2014-12-18,2014,Kazakhstan,12807.0,221415572820.0
140,140,LCA,201.75,179,5,2014-12-18,2014,St Lucia,9843.0,1755130815.0
141,141,MYA,200.48,202,-1,2014-12-18,2014,Myanmar,1141.0,59640204522.0
142,142,THA,193.8,182,2,2014-12-18,2014,Thailand,5952.0,407339454061.0
143,143,AFG,190.34,216,-10,2014-12-18,2014,Afghanistan,614.0,20484885120.0
144,144,BRB,182.77,183,-1,2014-12-18,2014,Barbados,16489.0,4696500000.0
145,145,CTA,178.1,178,1,2014-12-18,2014,Central African Republic,424.0,1894813390.0
146,146,CHA,172.27,172,1,2014-12-18,2014,Chad,1020.0,13940768066.0
147,147,MLT,166.12,166,1,2014-12-18,2014,Malta,26754.0,11626281387.0
148,147,TKM,166.07,166,1,2014-12-18,2014,Turkmenistan,7962.0,43524210526.0
149,147,MAD,165.8,166,1,2014-12-18,2014,Madagascar,531.0,12522959157.0
152,152,KGZ,145.55,146,1,2014-12-18,2014,Kyrgyz Republic,1280.0,7468096567.0
154,154,MAS,138.03,137,1,2014-12-18,2014,Malaysia,11319.0,338061963396.0
155,155,GRN,137.25,147,-3,2014-12-18,2014,Grenada,8370.0,911497407.0
156,156,HKG,133.63,120,3,2014-12-18,2014,Hong Kong,40315.0,291459356985.0
157,157,SIN,131.48,123,1,2014-12-18,2014,Singapore,57563.0,314851156183.0
158,158,CUW,125.47,127,-2,2014-12-18,2014,Curaçao,20258.0,3158406034.0
159,159,IDN,123.16,126,-2,2014-12-18,2014,Indonesia,3492.0,890814755233.0
160,160,LAO,120.87,120,-1,2014-12-18,2014,Laos,1998.0,13268458232.0
161,161,GUM,119.4,105,4,2014-12-18,2014,Guam,34843.0,5610000000.0
162,161,PUR,118.94,119,0,2014-12-18,2014,Puerto Rico,28981.0,102445800000.0
163,163,SUR,115.11,109,1,2014-12-18,2014,Suriname,9472.0,5240606061.0
165,165,BAN,103.23,111,-2,2014-12-18,2014,Bangladesh,1119.0,172885454931.0
167,167,GUY,91.78,84,3,2014-12-18,2014,Guyana,5407.0,4127664336.0
168,168,GAM,90.34,90,-1,2014-12-18,2014,Gambia,607.0,1229460602.0
171,171,IND,79.4,84,-1,2014-12-18,2014,India,1574.0,2039127446299.0
172,172,SRI,78.14,85,-3,2014-12-18,2014,Sri Lanka,3819.0,79356449841.0
173,173,COM,75.43,77,0,2014-12-18,2014,Comoros,1514.0,1149587660.0
174,173,NCA,75.04,75,1,2014-12-18,2014,Nicaragua,1934.0,11880434071.0
175,175,BLZ,73.75,74,2,2014-12-18,2014,Belize,4718.0,1667335061.0
176,176,YEM,69.1,75,-2,2014-12-18,2014,Yemen,1674.0,43228585321.0
177,177,TCA,66.0,66,1,2014-12-18,2014,Turks and Caicos Islands,23779.0,841070000.0
178,178,SEY,61.49,75,-4,2014-12-18,2014,Seychelles,14700.0,1343007845.0
179,179,BER,55.44,55,1,2014-12-18,2014,Bermuda,98468.0,6413988000.0
180,179,SMR,55.44,55,1,2014-12-18,2014,San Marino,50817.0,1673973695.0
181,179,CAM,55.4,55,1,2014-12-18,2014,Cambodia,1093.0,16702610842.0
183,183,SOL,53.39,53,1,2014-12-18,2014,Solomon Islands,2275.0,1335538893.0
184,184,DMA,51.78,48,3,2014-12-18,2014,Dominica,7317.0,520207407.0
185,185,TLS,50.67,51,0,2014-12-18,2014,Timor-Leste,1232.0,1447311400.0
186,186,NEP,49.17,58,-7,2014-12-18,2014,Nepal,845.0,22731602970.0
187,186,MAC,48.94,49,0,2014-12-18,2014,Macau,93023.0,54903031138.0
188,188,PAK,45.21,54,-5,2014-12-18,2014,Pakistan,1251.0,244360888751.0
189,189,SSD,42.91,43,0,2014-12-18,2014,South Sudan,1323.0,13962212847.0
190,190,MRI,35.99,32,1,2014-12-18,2014,Mauritius,10154.0,12803438965.0
191,191,VAN,33.05,33,-1,2014-12-18,2014,Vanuatu,2927.0,772315721.0
192,192,FIJ,29.75,30,0,2014-12-18,2014,Fiji,5606.0,4856963230.0
193,192,SAM,29.75,30,0,2014-12-18,2014,Samoa,3938.0,756919917.0
194,194,MNG,28.81,29,0,2014-12-18,2014,Mongolia,4159.0,12226514722.0
195,195,BAH,26.4,26,0,2014-12-18,2014,Bahamas,29981.0,11111600000.0
196,196,TGA,17.0,17,0,2014-12-18,2014,Tonga,4354.0,439878828.0
197,197,VIR,15.64,16,0,2014-12-18,2014,US Virgin Islands,33574.0,3622000000.0
198,198,BRU,15.48,15,0,2014-12-18,2014,Brunei Darussalam,41726.0,17098342541.0
199,199,PNG,13.18,13,0,2014-12-18,2014,Papua New Guinea,2921.0,23210682538.0
200,200,ASA,12.14,12,0,2014-12-18,2014,American Samoa,11525.0,643000000.0
201,201,AND,8.91,9,0,2014-12-18,2014,Andorra,41304.0,3271808157.0
204,204,SOM,5.59,4,2,2014-12-18,2014,Somalia,295.0,3963532302.0
205,205,CAY,5.28,5,-1,2014-12-18,2014,Cayman Islands,74990.0,4563017881.0
206,206,DJI,4.3,5,-2,2014-12-18,2014,Djibouti,2464.0,2214681574.0
209,209,BHU,0.0,0,0,2014-12-18,2014,Bhutan,2652.0,1907090813.0
210,1,BEL,1493.77,1440,0,2015-12-03,2015,Belgium,41008.0,462335574841.0
211,2,ARG,1455.47,1383,1,2015-12-03,2015,Argentina,13789.0,594749285413.0
212,3,ESP,1369.63,1287,3,2015-12-03,2015,Spain,25742.0,1195599995809.0
213,4,GER,1347.15,1388,-2,2015-12-03,2015,Germany,41103.0,3357585719352.0
214,5,CHI,1273.02,1288,0,2015-12-03,2015,Chile,13574.0,243919079437.0
215,6,BRA,1251.46,1208,2,2015-12-03,2015,Brazil,8814.0,1802214373741.0
216,7,POR,1219.13,1364,-3,2015-12-03,2015,Portugal,19250.0,199394066525.0
217,8,COL,1211.38,1233,-1,2015-12-03,2015,Colombia,6176.0,293481748241.0
218,9,ENG,1105.71,1179,0,2015-12-03,2015,England,45039.0,2932784751846.0
219,10,AUT,1090.67,1130,0,2015-12-03,2015,Austria,44196.0,381971148531.0
220,11,URU,1073.69,1051,1,2015-12-03,2015,Uruguay,15614.0,53274304222.0
221,12,SUI,1049.59,1073,-1,2015-12-03,2015,Switzerland,84776.0,702149580771.0
222,13,ECU,1039.69,921,8,2015-12-03,2015,Ecuador,6124.0,99290381000.0
223,14,NED,994.38,976,2,2015-12-03,2015,Netherlands,45193.0,765572770634.0
224,15,ITA,990.53,1040,-2,2015-12-03,2015,Italy,30242.0,1836637711061.0
225,16,ROU,980.48,1039,-2,2015-12-03,2015,Romania,8969.0,177729210875.0
227,18,CRO,957.56,924,1,2015-12-03,2015,Croatia,11782.0,49525747504.0
229,20,HUN,944.53,759,13,2015-12-03,2015,Hungary,12707.0,125074286021.0
230,21,TUR,933.43,941,-3,2015-12-03,2015,Turkey,11006.0,864316670331.0
232,22,MEX,897.6,881,2,2015-12-03,2015,Mexico,9617.0,1171867608198.0
233,24,RUS,895.44,885,-1,2015-12-03,2015,Russia,9313.0,1363481063447.0
234,25,FRA,867.73,881,-1,2015-12-03,2015,France,36653.0,2439188643163.0
236,26,CZE,860.05,974,-9,2015-12-03,2015,Czech Republic,17830.0,188033050460.0
237,28,ALG,845.37,872,-2,2015-12-03,2015,Algeria,4178.0,165979173991.0
238,29,UKR,841.57,806,-1,2015-12-03,2015,Ukraine,2125.0,91030959455.0
240,31,IRL,809.57,659,11,2015-12-03,2015,Republic of Ireland,62025.0,291639154650.0
241,32,USA,784.45,759,1,2015-12-03,2015,USA,56863.0,18238300569000.0
242,33,GHA,777.58,793,-3,2015-12-03,2015,Ghana,1706.0,47498906692.0
243,34,POL,776.01,712,4,2015-12-03,2015,Poland,12578.0,477811911394.0
244,35,SWE,771.18,647,10,2015-12-03,2015,Sweden,51545.0,505103781350.0
245,36,ISL,760.56,792,-5,2015-12-03,2015,Iceland,52952.0,17517210519.0
246,37,CRC,759.16,671,3,2015-12-03,2015,Costa Rica,11643.0,56441917653.0
247,38,ALB,746.21,723,-2,2015-12-03,2015,Albania,3953.0,11386846319.0
248,39,CPV,745.03,762,-7,2015-12-03,2015,Cape Verde Islands,3043.0,1596800287.0
249,40,TUN,710.54,668,1,2015-12-03,2015,Tunisia,3862.0,43173531811.0
250,41,GRE,706.08,718,-4,2015-12-03,2015,Greece,18057.0,195396559261.0
251,42,DEN,685.32,743,-7,2015-12-03,2015,Denmark,53255.0,302673070847.0
252,43,FIN,663.41,586,13,2015-12-03,2015,Finland,42802.0,234534382385.0
253,44,SEN,660.73,678,-5,2015-12-03,2015,Senegal,1219.0,17774766636.0
254,45,IRN,653.34,651,-2,2015-12-03,2015,IR Iran,4904.0,384951479697.0
255,46,PAR,647.27,610,1,2015-12-03,2015,Paraguay,5414.0,36211372703.0
256,47,PER,644.0,583,10,2015-12-03,2015,Peru,6229.0,189805300842.0
257,48,CGO,637.62,593,4,2015-12-03,2015,Congo,2448.0,11885478502.0
258,49,TRI,628.03,588,5,2015-12-03,2015,Trinidad and Tobago,18214.0,24959858249.0
259,50,GUI,620.68,589,3,2015-12-03,2015,Guinea,769.0,8794202444.0
262,53,JPN,606.8,603,-3,2015-12-03,2015,Japan,34524.0,4389475622589.0
263,54,NOR,590.81,637,-8,2015-12-03,2015,Norway,74356.0,385801550067.0
264,54,JAM,590.69,559,7,2015-12-03,2015,Jamaica,4908.0,14188935948.0
265,56,SRB,589.54,605,-7,2015-12-03,2015,Serbia,5589.0,39655958843.0
266,57,AUS,585.15,573,3,2015-12-03,2015,Australia,56756.0,1351693984525.0
267,57,EGY,584.83,583,0,2015-12-03,2015,Egypt,3563.0,329366576819.0
268,59,CMR,583.06,597,-8,2015-12-03,2015,Cameroon,1328.0,30928653814.0
269,60,COD,580.21,587,-5,2015-12-03,2015,Congo DR,497.0,37917704900.0
270,61,SVN,564.99,547,3,2015-12-03,2015,Slovenia,20890.0,43107506024.0
271,62,MLI,551.58,552,1,2015-12-03,2015,Mali,751.0,13104764334.0
272,63,UGA,549.75,491,5,2015-12-03,2015,Uganda,844.0,32248116473.0
273,64,PAN,543.94,515,1,2015-12-03,2015,Panama,13630.0,54091800000.0
274,65,UAE,542.62,495,2,2015-12-03,2015,United Arab Emirates,38663.0,358135057862.0
275,66,NGA,540.85,582,-7,2015-12-03,2015,Nigeria,2687.0,486803295098.0
276,67,BLR,514.45,479,3,2015-12-03,2015,Belarus,5949.0,56454734397.0
277,68,BOL,500.38,442,9,2015-12-03,2015,Bolivia,3036.0,33000198249.0
278,69,ISR,498.46,559,-8,2015-12-03,2015,Israel,35814.0,300122499721.0
279,69,EQG,498.14,487,0,2015-12-03,2015,Equatorial Guinea,11283.0,13185496881.0
280,71,BUL,494.37,497,-5,2015-12-03,2015,Bulgaria,7056.0,50647442757.0
281,72,RSA,486.87,461,3,2015-12-03,2015,South Africa,5735.0,317620522795.0
282,73,ZAM,480.84,477,-2,2015-12-03,2015,Zambia,1338.0,21251216799.0
283,74,UZB,470.32,477,-3,2015-12-03,2015,Uzbekistan,2615.0,81847410182.0
284,75,MAR,469.42,422,4,2015-12-03,2015,Morocco,2875.0,101179808076.0
285,76,GAB,467.7,470,-3,2015-12-03,2015,Gabon,7385.0,14383107714.0
286,77,HAI,467.36,470,-4,2015-12-03,2015,Haiti,1389.0,14857386164.0
287,78,BEN,460.74,333,25,2015-12-03,2015,Benin,1077.0,11388160997.0
288,79,CYP,441.05,444,-3,2015-12-03,2015,Cyprus,23408.0,19842404305.0
289,80,KSA,432.21,417,0,2015-12-03,2015,Saudi Arabia,20628.0,654269902880.0
290,81,LBY,426.8,297,32,2015-12-03,2015,Libya,4338.0,27842131480.0
291,82,ATG,408.75,417,-2,2015-12-03,2015,Antigua and Barbuda,14285.0,1336692593.0
292,83,VEN,408.43,408,0,2015-12-03,2015,Venezuela,0.0,0.0
293,84,CHN,405.16,403,0,2015-12-03,2015,China PR,8067.0,11061553079872.0
294,85,MNE,403.36,426,-7,2015-12-03,2015,Montenegro,6517.0,4054712083.0
295,86,QAT,400.97,397,-1,2015-12-03,2015,Qatar,63039.0,161739955578.0
296,87,JOR,398.61,411,-5,2015-12-03,2015,Jordan,4164.0,38587017887.0
297,88,CAN,388.05,335,14,2015-12-03,2015,Canada,43596.0,1556508816217.0
298,89,BFA,381.48,363,4,2015-12-03,2015,Burkina Faso,653.0,11832159276.0
299,89,IRQ,380.78,392,-2,2015-12-03,2015,Iraq,4688.0,166774109674.0
300,91,CUB,377.26,312,17,2015-12-03,2015,Cuba,7694.0,87133000000.0
301,92,NCA,369.52,341,8,2015-12-03,2015,Nicaragua,2050.0,12756706583.0
302,93,EST,368.79,370,-3,2015-12-03,2015,Estonia,17529.0,23058135438.0
303,94,GUA,368.5,367,-3,2015-12-03,2015,Guatemala,3995.0,62186186576.0
304,95,BOT,363.99,327,10,2015-12-03,2015,Botswana,6800.0,14420593484.0
305,96,TOG,363.19,386,-8,2015-12-03,2015,Togo,571.0,4180866177.0
306,97,FRO,357.36,385,-8,2015-12-03,2015,Faroe Islands,52400.0,2518096286.0
307,98,KEN,344.62,274,27,2015-12-03,2015,Kenya,1337.0,64007750169.0
308,99,SLV,343.72,361,-5,2015-12-03,2015,El Salvador,3706.0,23438240000.0
309,100,NIG,338.61,327,5,2015-12-03,2015,Niger,484.0,9685577941.0
310,101,RWA,338.16,356,-5,2015-12-03,2015,Rwanda,751.0,8539048448.0
311,101,LVA,338.05,342,-2,2015-12-03,2015,Latvia,13780.0,27250610746.0
312,101,HON,337.59,359,-6,2015-12-03,2015,Honduras,2302.0,20979767785.0
313,104,OMA,332.7,365,-12,2015-12-03,2015,Oman,16033.0,68420257567.0
315,105,ANG,329.54,344,-7,2015-12-03,2015,Angola,4167.0,116193649124.0
316,107,LBR,329.42,394,-21,2015-12-03,2015,Liberia,710.0,3177000000.0
317,108,KGZ,324.34,277,16,2015-12-03,2015,Kyrgyz Republic,1121.0,6678178340.0
318,109,MWI,322.44,351,-12,2015-12-03,2015,Malawi,381.0,6373212641.0
319,110,ZIM,318.34,305,-1,2015-12-03,2015,Zimbabwe,1445.0,19963120600.0
320,111,MOZ,316.67,274,14,2015-12-03,2015,Mozambique,590.0,15950969019.0
321,112,BDI,307.39,321,-5,2015-12-03,2015,Burundi,306.0,3104394792.0
322,113,CTA,302.41,302,-3,2015-12-03,2015,Central African Republic,377.0,1695825714.0
323,114,CHA,300.86,240,22,2015-12-03,2015,Chad,776.0,10950392220.0
324,115,ARU,298.2,299,-3,2015-12-03,2015,Aruba,28397.0,2962905028.0
325,116,MTN,297.07,328,-12,2015-12-03,2015,Mauritania,1524.0,6166857629.0
326,117,AZE,295.56,293,-2,2015-12-03,2015,Azerbaijan,5500.0,53074370486.0
327,118,SLE,294.71,281,3,2015-12-03,2015,Sierra Leone,588.0,4218723875.0
328,119,TKM,293.55,281,2,2015-12-03,2015,Turkmenistan,6433.0,35799714286.0
329,120,ETH,293.13,294,-6,2015-12-03,2015,Ethiopia,641.0,64589334979.0
330,121,SKN,288.94,340,-20,2015-12-03,2015,St Kitts and Nevis,18029.0,923155556.0
331,122,GEO,286.01,301,-11,2015-12-03,2015,Georgia,4014.0,14953950557.0
332,123,ARM,285.02,271,4,2015-12-03,2015,Armenia,3607.0,10553337673.0
333,124,BHR,278.0,293,-9,2015-12-03,2015,Bahrain,22634.0,31050638298.0
335,126,LTU,273.64,279,-3,2015-12-03,2015,Lithuania,14264.0,41435533340.0
336,127,BLZ,273.39,292,-10,2015-12-03,2015,Belize,4770.0,1721700991.0
337,128,MAD,271.76,290,-10,2015-12-03,2015,Madagascar,467.0,11323023787.0
338,129,KAZ,266.34,256,2,2015-12-03,2015,Kazakhstan,10511.0,184388432149.0
339,129,NAM,265.6,290,-11,2015-12-03,2015,Namibia,4897.0,11335179561.0
341,132,TAN,264.09,245,3,2015-12-03,2015,Tanzania,948.0,47378599025.0
342,133,THA,263.31,202,11,2015-12-03,2015,Thailand,5840.0,401296437425.0
343,134,SDN,258.99,267,-6,2015-12-03,2015,Sudan,1657.0,64458521787.0
345,136,MKD,257.24,230,3,2015-12-03,2015,FYR Macedonia,4843.0,10071243243.0
346,137,HKG,252.23,199,8,2015-12-03,2015,Hong Kong,42432.0,309383627029.0
347,138,SSD,245.57,246,-4,2015-12-03,2015,South Sudan,1120.0,11997800760.0
348,139,KUW,239.44,252,-6,2015-12-03,2015,Kuwait,29870.0,114567298106.0
349,139,PHI,239.29,236,-2,2015-12-03,2015,Philippines,3001.0,306446140629.0
350,139,LIB,239.16,228,1,2015-12-03,2015,Lebanon,7645.0,49939374833.0
351,142,LUX,236.64,197,4,2015-12-03,2015,Luxembourg,101417.0,57767685137.0
352,143,VIN,221.33,262,-14,2015-12-03,2015,St Vincent and the Grenadines,6922.0,755400000.0
353,144,LCA,216.1,204,-1,2015-12-03,2015,St Lucia,10094.0,1808079889.0
354,145,BRB,213.81,206,-3,2015-12-03,2015,Barbados,16525.0,4715000000.0
355,146,GNB,207.21,216,-5,2015-12-03,2015,Guinea-Bissau,603.0,1048229629.0
356,147,VIE,199.59,193,0,2015-12-03,2015,Vietnam,2085.0,193241108710.0
357,148,TJK,195.69,159,12,2015-12-03,2015,Tajikistan,978.0,8271454301.0
358,149,SIN,194.87,179,3,2015-12-03,2015,Singapore,55647.0,308004146058.0
359,150,AFG,193.99,168,6,2015-12-03,2015,Afghanistan,578.0,19907111419.0
360,151,CUW,192.23,182,-1,2015-12-03,2015,Curaçao,19951.0,3151910782.0
361,151,NZL,191.88,163,8,2015-12-03,2015,New Zealand,37464.0,172685516550.0
362,153,LES,184.61,193,-6,2015-12-03,2015,Lesotho,1146.0,2359759799.0
363,154,DOM,180.47,187,-5,2015-12-03,2015,Dominican Republic,6922.0,71164825257.0
364,155,MDA,171.59,177,-1,2015-12-03,2015,Moldova,2732.0,7745231660.0
366,157,GUM,161.69,170,-2,2015-12-03,2015,Guam,35829.0,5799000000.0
367,158,MYA,154.68,157,3,2015-12-03,2015,Myanmar,1144.0,60291736894.0
368,159,BER,153.91,181,-8,2015-12-03,2015,Bermuda,102006.0,6654541000.0
369,160,MDV,150.09,141,6,2015-12-03,2015,Maldives,9033.0,4109447297.0
370,161,GUY,143.91,179,-9,2015-12-03,2015,Guyana,5577.0,4279840362.0
371,162,MLT,142.71,164,-4,2015-12-03,2015,Malta,24922.0,11091434484.0
372,163,GRN,138.62,137,4,2015-12-03,2015,Grenada,9097.0,997007926.0
373,164,GAM,135.42,135,4,2015-12-03,2015,Gambia,661.0,1378176868.0
374,164,LIE,134.78,154,-1,2015-12-03,2015,Liechtenstein,167313.0,6268391521.0
375,166,IND,132.29,122,6,2015-12-03,2015,India,1606.0,2103587813812.0
377,167,ASA,127.5,145,-2,2015-12-03,2015,American Samoa,12060.0,673000000.0
378,167,SAM,127.5,152,-3,2015-12-03,2015,Samoa,4074.0,788307331.0
379,170,MAS,127.39,127,1,2015-12-03,2015,Malaysia,9955.0,301354803994.0
380,170,TLS,127.08,155,-8,2015-12-03,2015,Timor-Leste,1333.0,1594410800.0
381,172,COM,120.3,89,5,2015-12-03,2015,Comoros,1243.0,966029600.0
382,172,PUR,120.2,129,-2,2015-12-03,2015,Puerto Rico,29763.0,103375500000.0
383,174,YEM,119.02,81,5,2015-12-03,2015,Yemen,1602.0,42445102387.0
384,174,MRI,118.61,117,-1,2015-12-03,2015,Mauritius,9260.0,11692287066.0
385,176,DMA,106.9,104,-1,2015-12-03,2015,Dominica,7597.0,540737037.0
386,177,VIR,87.98,88,1,2015-12-03,2015,US Virgin Islands,34796.0,3748000000.0
387,177,LAO,87.56,90,-1,2015-12-03,2015,Laos,2135.0,14390442307.0
388,179,IDN,84.49,108,-5,2015-12-03,2015,Indonesia,3332.0,860854235065.0
389,180,CAM,83.24,78,3,2015-12-03,2015,Cambodia,1163.0,18049954289.0
391,182,BAN,78.03,80,-2,2015-12-03,2015,Bangladesh,1248.0,195078678697.0
393,184,PAK,75.85,76,1,2015-12-03,2015,Pakistan,1357.0,270556131701.0
394,185,BRU,74.07,74,1,2015-12-03,2015,Brunei Darussalam,31164.0,12930394938.0
395,186,FIJ,68.0,59,4,2015-12-03,2015,Fiji,5391.0,4682546863.0
397,188,BHU,63.75,80,-8,2015-12-03,2015,Bhutan,2753.0,2003598213.0
398,189,SEY,56.46,60,0,2015-12-03,2015,Seychelles,14745.0,1377495054.0
400,191,SUR,55.2,77,-7,2015-12-03,2015,Suriname,9168.0,5126291451.0
401,192,NEP,49.37,51,0,2015-12-03,2015,Nepal,902.0,24360795410.0
402,193,VAN,46.75,13,8,2015-12-03,2015,Vanuatu,2696.0,730870582.0
403,194,SRI,44.74,45,0,2015-12-03,2015,Sri Lanka,3844.0,80604080689.0
404,195,MAC,44.3,44,0,2015-12-03,2015,Macau,74839.0,45060237946.0
405,196,CAY,42.5,49,-3,2015-12-03,2015,Cayman Islands,76284.0,4708336733.0
406,197,TCA,33.0,33,0,2015-12-03,2015,Turks and Caicos Islands,26184.0,942070000.0
407,198,SMR,27.72,35,-2,2015-12-03,2015,San Marino,42663.0,1419394771.0
409,200,SOL,25.64,26,-1,2015-12-03,2015,Solomon Islands,2167.0,1307061544.0
410,201,MNG,6.45,6,2,2015-12-03,2015,Mongolia,3919.0,11749620620.0
411,201,AND,5.58,5,4,2015-12-03,2015,Andorra,35771.0,2789870188.0
412,203,PNG,4.25,4,3,2015-12-03,2015,Papua New Guinea,2679.0,21723531173.0
414,204,BAH,0.0,0,3,2015-12-03,2015,Bahamas,31296.0,11710800000.0
415,204,DJI,0.0,0,3,2015-12-03,2015,Djibouti,2659.0,2430287967.0
416,204,SOM,0.0,6,-1,2015-12-03,2015,Somalia,293.0,4048860871.0
418,204,TGA,0.0,17,-4,2015-12-03,2015,Tonga,4336.0,437006227.0
419,1,ARG,1634.02,1634,0,2016-12-22,2016,Argentina,12790.0,557531376218.0
420,2,BRA,1544.05,1544,0,2016-12-22,2016,Brazil,8710.0,1795700168991.0
421,3,GER,1432.54,1433,0,2016-12-22,2016,Germany,42136.0,3469853463946.0
422,4,CHI,1403.96,1404,0,2016-12-22,2016,Chile,13754.0,250440149691.0
423,5,BEL,1367.77,1368,0,2016-12-22,2016,Belgium,42013.0,476062757357.0
424,6,COL,1344.7,1345,0,2016-12-22,2016,Colombia,5871.0,282825009887.0
425,7,FRA,1305.41,1305,0,2016-12-22,2016,France,37063.0,2472964344587.0
426,8,POR,1229.12,1229,0,2016-12-22,2016,Portugal,19992.0,206426152309.0
427,9,URU,1187.31,1187,0,2016-12-22,2016,Uruguay,16716.0,57236652490.0
428,10,ESP,1165.66,1166,0,2016-12-22,2016,Spain,26523.0,1232912963206.0
429,11,SUI,1128.75,1129,0,2016-12-22,2016,Switzerland,83073.0,695600652899.0
431,13,ENG,1114.45,1114,0,2016-12-22,2016,England,41048.0,2693247611032.0
432,14,CRO,1103.27,1103,0,2016-12-22,2016,Croatia,12361.0,51601147666.0
433,15,POL,1086.72,1089,0,2016-12-22,2016,Poland,12447.0,472630364208.0
434,16,ITA,1082.6,1083,0,2016-12-22,2016,Italy,30961.0,1877071687634.0
435,17,CRC,1040.55,1041,0,2016-12-22,2016,Costa Rica,12011.0,58847016045.0
436,18,MEX,1012.0,1012,0,2016-12-22,2016,Mexico,8745.0,1078490651625.0
437,19,PER,965.37,965,0,2016-12-22,2016,Peru,6205.0,191895943824.0
438,20,ECU,890.45,890,0,2016-12-22,2016,Ecuador,6060.0,99937696000.0
439,21,ISL,889.28,889,0,2016-12-22,2016,Iceland,61988.0,20793168031.0
440,22,NED,887.14,887,0,2016-12-22,2016,Netherlands,46039.0,784060430240.0
441,23,IRL,857.64,858,0,2016-12-22,2016,Republic of Ireland,63037.0,299759848650.0
442,24,TUR,850.58,851,0,2016-12-22,2016,Turkey,10895.0,869692960366.0
444,26,HUN,826.32,826,0,2016-12-22,2016,Hungary,13091.0,128470534118.0
446,28,USA,822.0,822,0,2016-12-22,2016,USA,58021.0,18745075687000.0
447,29,IRN,814.49,797,1,2016-12-22,2016,IR Iran,5253.0,417983583566.0
448,30,UKR,803.65,804,-1,2016-12-22,2016,Ukraine,2188.0,93355993629.0
449,31,AUT,773.49,773,0,2016-12-22,2016,Austria,45308.0,395837353031.0
451,33,SEN,754.74,755,0,2016-12-22,2016,Senegal,1270.0,19040312815.0
453,35,TUN,737.54,738,-1,2016-12-22,2016,Tunisia,3698.0,41801284916.0
454,36,EGY,718.83,719,0,2016-12-22,2016,Egypt,3520.0,332441717791.0
456,38,ALG,692.49,692,0,2016-12-22,2016,Algeria,3946.0,160034162958.0
457,39,ROU,689.55,690,0,2016-12-22,2016,Romania,9549.0,188128818486.0
458,40,PAR,683.6,684,0,2016-12-22,2016,Paraguay,5325.0,36089550659.0
459,41,SWE,675.35,675,0,2016-12-22,2016,Sweden,51965.0,515654671470.0
460,42,GRE,674.34,674,0,2016-12-22,2016,Greece,17898.0,192863396868.0
461,43,CZE,671.35,671,0,2016-12-22,2016,Czech Republic,18575.0,196272068576.0
462,44,SRB,646.93,647,0,2016-12-22,2016,Serbia,5765.0,40692643373.0
463,45,JPN,644.3,644,0,2016-12-22,2016,Japan,38762.0,4922538141455.0
464,46,DEN,643.11,643,0,2016-12-22,2016,Denmark,54664.0,313115929314.0
465,47,AUS,641.49,636,1,2016-12-22,2016,Australia,49971.0,1208846993740.0
466,48,COD,638.43,638,-1,2016-12-22,2016,Congo DR,471.0,37134799975.0
467,49,ALB,617.93,618,0,2016-12-22,2016,Albania,4124.0,11861200797.0
468,50,BFA,617.37,616,0,2016-12-22,2016,Burkina Faso,688.0,12833363370.0
469,51,NGA,615.68,616,-1,2016-12-22,2016,Nigeria,2176.0,404650006429.0
470,51,SVN,615.53,616,-1,2016-12-22,2016,Slovenia,21678.0,44766722791.0
471,53,GHA,611.1,611,0,2016-12-22,2016,Ghana,1913.0,54499451834.0
472,54,KSA,605.09,589,2,2016-12-22,2016,Saudi Arabia,19879.0,644935541440.0
473,55,ISR,594.72,595,-1,2016-12-22,2016,Israel,37283.0,318616506158.0
474,56,RUS,591.98,592,-1,2016-12-22,2016,Russia,8705.0,1276786979222.0
475,57,MAR,586.71,587,0,2016-12-22,2016,Morocco,2897.0,103311649248.0
476,58,PAN,584.11,584,0,2016-12-22,2016,Panama,14344.0,57907700000.0
477,59,VEN,580.98,581,0,2016-12-22,2016,Venezuela,0.0,0.0
478,60,MLI,569.25,569,1,2016-12-22,2016,Mali,781.0,14026048691.0
479,60,RSA,569.12,571,0,2016-12-22,2016,South Africa,5273.0,296357282715.0
480,62,UZB,562.91,558,0,2016-12-22,2016,Uzbekistan,2568.0,81779012351.0
481,63,MNE,549.38,549,0,2016-12-22,2016,Montenegro,7034.0,4377033429.0
482,64,UAE,541.92,537,0,2016-12-22,2016,United Arab Emirates,38142.0,357045064670.0
483,65,CMR,534.37,534,0,2016-12-22,2016,Cameroon,1364.0,32643697596.0
484,66,BEN,531.39,526,0,2016-12-22,2016,Benin,1087.0,11821065852.0
486,68,GNB,515.46,515,0,2016-12-22,2016,Guinea-Bissau,661.0,1179004941.0
487,69,GUI,507.48,500,2,2016-12-22,2016,Guinea,732.0,8595955581.0
488,70,CGO,504.11,504,0,2016-12-22,2016,Congo,2039.0,10158508345.0
489,71,BUL,491.98,492,1,2016-12-22,2016,Bulgaria,7549.0,53806894796.0
490,72,UGA,490.48,488,1,2016-12-22,2016,Uganda,733.0,29078589751.0
491,73,HAI,489.26,505,-4,2016-12-22,2016,Haiti,1266.0,13723267961.0
492,74,BLR,469.76,470,0,2016-12-22,2016,Belarus,5023.0,47722657821.0
493,75,HON,467.42,461,1,2016-12-22,2016,Honduras,2343.0,21717622071.0
494,75,CUW,466.63,467,0,2016-12-22,2016,Curaçao,19555.0,3122287933.0
495,77,JAM,463.27,461,-1,2016-12-22,2016,Jamaica,4844.0,14077109397.0
496,78,TRI,451.5,454,0,2016-12-22,2016,Trinidad and Tobago,16251.0,22386264807.0
497,79,GUA,450.36,450,0,2016-12-22,2016,Guatemala,4173.0,66053725049.0
498,80,CPV,442.66,443,0,2016-12-22,2016,Cape Verde Islands,3131.0,1662998678.0
499,80,SKN,442.64,443,0,2016-12-22,2016,St Kitts and Nevis,18811.0,971170370.0
500,82,CHN,426.52,423,1,2016-12-22,2016,China PR,8148.0,11233276536745.0
501,83,FRO,422.49,422,1,2016-12-22,2016,Faroe Islands,56854.0,2738832687.0
502,83,NOR,421.95,422,1,2016-12-22,2016,Norway,70461.0,368827142857.0
503,85,LBY,417.45,417,1,2016-12-22,2016,Libya,4035.0,26197143268.0
504,86,ARM,412.05,412,1,2016-12-22,2016,Armenia,3592.0,10546135160.0
505,87,QAT,411.0,409,1,2016-12-22,2016,Qatar,57163.0,151732181857.0
506,88,ZAM,400.56,374,3,2016-12-22,2016,Zambia,1281.0,20958412538.0
507,89,KEN,394.51,397,0,2016-12-22,2016,Kenya,1411.0,69188755364.0
508,90,AZE,386.15,386,0,2016-12-22,2016,Azerbaijan,3881.0,37867518957.0
509,91,TOG,385.32,374,0,2016-12-22,2016,Togo,803.0,6031632168.0
510,92,RWA,373.15,336,9,2016-12-22,2016,Rwanda,745.0,8690485823.0
511,93,ATG,370.44,433,-11,2016-12-22,2016,Antigua and Barbuda,15199.0,1436585185.0
512,94,FIN,367.62,368,-1,2016-12-22,2016,Finland,43814.0,240771351299.0
513,95,BOL,358.52,359,0,2016-12-22,2016,Bolivia,3077.0,33941126194.0
514,96,SLE,355.23,357,0,2016-12-22,2016,Sierra Leone,501.0,3674794530.0
516,98,KAZ,354.28,354,-1,2016-12-22,2016,Kazakhstan,7715.0,137278320084.0
517,99,NAM,346.85,347,-1,2016-12-22,2016,Namibia,4547.0,10721994676.0
519,101,LBR,338.19,327,2,2016-12-22,2016,Liberia,715.0,3277826000.0
520,102,ZIM,334.3,334,0,2016-12-22,2016,Zimbabwe,1465.0,20548678100.0
521,103,MWI,329.76,327,0,2016-12-22,2016,Malawi,316.0,5433040160.0
522,104,CTA,325.2,325,1,2016-12-22,2016,Central African Republic,402.0,1825018144.0
523,105,JOR,323.93,313,4,2016-12-22,2016,Jordan,4175.0,39892551127.0
524,105,LTU,323.87,324,1,2016-12-22,2016,Lithuania,15008.0,43047309306.0
525,107,MOZ,319.47,320,1,2016-12-22,2016,Mozambique,429.0,11936999283.0
526,108,MTN,316.8,322,-1,2016-12-22,2016,Mauritania,1537.0,6398744505.0
527,109,NZL,310.82,311,1,2016-12-22,2016,New Zealand,40818.0,192420540208.0
528,110,GAB,308.36,308,1,2016-12-22,2016,Gabon,6984.0,14023890620.0
529,111,LVA,303.61,304,1,2016-12-22,2016,Latvia,14326.0,28071381730.0
530,112,ETH,296.23,291,3,2016-12-22,2016,Ethiopia,717.0,74296618481.0
531,112,BOT,295.52,296,1,2016-12-22,2016,Botswana,7244.0,15646354089.0
532,114,EQG,292.82,293,0,2016-12-22,2016,Equatorial Guinea,9250.0,11240808847.0
533,115,CYP,290.27,290,1,2016-12-22,2016,Cyprus,24606.0,20953442550.0
534,116,EST,284.64,266,6,2016-12-22,2016,Estonia,18450.0,24276032336.0
535,117,CAN,281.51,282,1,2016-12-22,2016,Canada,42316.0,1527994741907.0
536,118,GEO,280.94,281,1,2016-12-22,2016,Georgia,4062.0,15141758567.0
537,119,IRQ,277.57,279,1,2016-12-22,2016,Iraq,4551.0,166602488748.0
538,120,PHI,272.68,289,-3,2016-12-22,2016,Philippines,3074.0,318626761493.0
539,121,OMA,272.08,266,1,2016-12-22,2016,Oman,14610.0,65441278668.0
540,122,KGZ,265.27,265,2,2016-12-22,2016,Kyrgyz Republic,1121.0,6813092066.0
541,123,BHR,263.64,259,4,2016-12-22,2016,Bahrain,22608.0,32234973404.0
542,124,NCA,261.86,346,-25,2016-12-22,2016,Nicaragua,2108.0,13286083645.0
544,126,THA,253.82,235,3,2016-12-22,2016,Thailand,5993.0,413366150656.0
545,127,NIG,246.22,246,1,2016-12-22,2016,Niger,498.0,10355006770.0
546,128,DOM,241.65,263,-2,2016-12-22,2016,Dominican Republic,7281.0,75704720190.0
547,129,TJK,231.14,231,2,2016-12-22,2016,Tajikistan,807.0,6992393787.0
548,130,LUX,229.91,230,2,2016-12-22,2016,Luxembourg,104349.0,60732711001.0
550,132,GUY,220.78,221,3,2016-12-22,2016,Guyana,5811.0,4482697337.0
551,133,MAD,219.73,220,3,2016-12-22,2016,Madagascar,476.0,11848615018.0
552,134,VIE,217.75,235,-5,2016-12-22,2016,Vietnam,2192.0,205276172135.0
553,135,IND,216.95,217,2,2016-12-22,2016,India,1733.0,2294797980510.0
554,135,SDN,216.71,205,5,2016-12-22,2016,Sudan,1325.0,52804065670.0
555,137,SLV,216.34,216,1,2016-12-22,2016,El Salvador,3806.0,24191430000.0
556,138,BDI,212.67,222,-5,2016-12-22,2016,Burundi,282.0,2959641047.0
557,139,HKG,209.51,205,1,2016-12-22,2016,Hong Kong,43731.0,320837638329.0
558,140,COM,204.72,206,-1,2016-12-22,2016,Comoros,1273.0,1012835493.0
559,141,LES,201.69,202,1,2016-12-22,2016,Lesotho,1019.0,2114323794.0
560,142,TKM,199.99,200,1,2016-12-22,2016,Turkmenistan,6388.0,36169428571.0
561,143,ANG,198.64,199,1,2016-12-22,2016,Angola,3506.0,101123851090.0
562,144,PUR,193.84,194,1,2016-12-22,2016,Puerto Rico,30627.0,104336700000.0
563,145,MRI,191.48,194,0,2016-12-22,2016,Mauritius,9682.0,12232469392.0
564,146,AFG,189.17,189,1,2016-12-22,2016,Afghanistan,509.0,18017749074.0
565,147,LIB,185.54,185,1,2016-12-22,2016,Lebanon,7626.0,51205122504.0
566,148,YEM,184.14,184,1,2016-12-22,2016,Yemen,1139.0,30933825064.0
568,150,SUR,182.5,183,1,2016-12-22,2016,Suriname,5873.0,3317438911.0
569,151,CUB,180.02,264,-26,2016-12-22,2016,Cuba,8061.0,91370000000.0
570,152,CHA,179.39,179,0,2016-12-22,2016,Chad,693.0,10097778354.0
572,154,MDV,174.35,165,0,2016-12-22,2016,Maldives,9209.0,4379115588.0
573,155,BRB,163.09,163,0,2016-12-22,2016,Barbados,16900.0,4830000000.0
574,156,TAN,153.61,146,4,2016-12-22,2016,Tanzania,967.0,49774021003.0
576,158,GRN,149.58,150,-1,2016-12-22,2016,Grenada,9628.0,1061631222.0
577,159,MYA,148.23,131,7,2016-12-22,2016,Myanmar,1158.0,61449392056.0
578,160,ARU,146.94,147,-1,2016-12-22,2016,Aruba,28452.0,2983636872.0
579,161,MAS,143.4,158,-5,2016-12-22,2016,Malaysia,9818.0,301255380276.0
580,162,MKD,142.19,138,0,2016-12-22,2016,FYR Macedonia,5133.0,10680463279.0
581,163,BLZ,140.82,141,-2,2016-12-22,2016,Belize,4857.0,1789304088.0
582,164,MDA,137.65,138,-2,2016-12-22,2016,Moldova,2880.0,8071480541.0
583,165,KVX,134.74,135,0,2016-12-22,2016,Kosovo,3780.0,6719172017.0
584,165,SIN,134.58,138,-3,2016-12-22,2016,Singapore,56848.0,318763807456.0
585,167,LAO,133.94,130,0,2016-12-22,2016,Laos,2309.0,15805692546.0
587,168,SSD,122.66,123,1,2016-12-22,2016,South Sudan,0.0,0.0
588,170,PNG,121.76,122,1,2016-12-22,2016,Papua New Guinea,2510.0,20759069103.0
589,171,KUW,119.77,117,1,2016-12-22,2016,Kuwait,27653.0,109419728567.0
590,171,IDN,119.77,100,8,2016-12-22,2016,Indonesia,3563.0,931877364178.0
591,173,CAM,118.12,129,-5,2016-12-22,2016,Cambodia,1270.0,20016747754.0
592,174,DMA,112.86,110,-1,2016-12-22,2016,Dominica,8081.0,576229630.0
593,175,GAM,106.29,106,-1,2016-12-22,2016,Gambia,691.0,1484579844.0
594,175,VAN,106.25,106,-1,2016-12-22,2016,Vanuatu,2806.0,780889606.0
595,177,LCA,103.16,95,3,2016-12-22,2016,St Lucia,10362.0,1865375222.0
596,177,BHU,102.71,103,-1,2016-12-22,2016,Bhutan,2931.0,2158972129.0
597,179,FIJ,102.0,102,-2,2016-12-22,2016,Fiji,5651.0,4930204230.0
598,179,VIN,101.65,102,-2,2016-12-22,2016,St Vincent and the Grenadines,7075.0,774429630.0
599,181,NEP,96.49,90,0,2016-12-22,2016,Nepal,900.0,24524098184.0
600,182,GUM,88.99,81,3,2016-12-22,2016,Guam,36214.0,5901000000.0
601,183,MLT,85.13,85,-1,2016-12-22,2016,Malta,25741.0,11721521913.0
602,184,MAC,81.86,82,0,2016-12-22,2016,Macau,73569.0,45085114633.0
603,185,BAN,80.79,84,-2,2016-12-22,2016,Bangladesh,1402.0,221415188000.0
604,186,SEY,77.67,79,0,2016-12-22,2016,Seychelles,15069.0,1426651769.0
605,187,BER,76.96,77,0,2016-12-22,2016,Bermuda,106886.0,6899911000.0
606,187,SOL,76.5,77,0,2016-12-22,2016,Solomon Islands,2225.0,1378551118.0
607,189,LIE,75.27,75,0,2016-12-22,2016,Liechtenstein,165642.0,6237264055.0
608,190,BRU,74.38,74,0,2016-12-22,2016,Brunei Darussalam,27158.0,11400854268.0
609,191,TLS,64.0,64,0,2016-12-22,2016,Timor-Leste,1354.0,1650608600.0
610,191,ASA,63.75,64,0,2016-12-22,2016,American Samoa,12038.0,671000000.0
612,191,SAM,63.75,64,0,2016-12-22,2016,Samoa,4109.0,799376440.0
613,195,SRI,44.14,44,0,2016-12-22,2016,Sri Lanka,3886.0,82401038710.0
614,195,VIR,43.99,44,0,2016-12-22,2016,US Virgin Islands,36023.0,3873000000.0
615,197,PAK,39.64,40,0,2016-12-22,2016,Pakistan,1368.0,278654637738.0
616,198,MNG,38.3,38,0,2016-12-22,2016,Mongolia,3660.0,11186734674.0
618,200,CAY,21.25,21,0,2016-12-22,2016,Cayman Islands,78472.0,4909498980.0
619,201,TCA,19.8,20,0,2016-12-22,2016,Turks and Caicos Islands,28241.0,1032452000.0
620,202,SMR,16.63,17,0,2016-12-22,2016,San Marino,43828.0,1468377272.0
621,203,AND,11.68,12,0,2016-12-22,2016,Andorra,37476.0,2896679212.0
624,205,BAH,0.0,0,0,2016-12-22,2016,Bahamas,31563.0,11928500000.0
625,205,DJI,0.0,0,0,2016-12-22,2016,Djibouti,2802.0,2603554907.0
628,205,SOM,0.0,0,0,2016-12-22,2016,Somalia,296.0,4198485404.0
629,205,TGA,0.0,0,0,2016-12-22,2016,Tonga,4158.0,420540179.0
630,1,GER,1601.91,1602,0,2017-12-21,2017,Germany,44553.0,3682602479929.0
631,2,BRA,1482.53,1483,0,2017-12-21,2017,Brazil,9929.0,2063507864887.0
632,3,POR,1357.89,1358,0,2017-12-21,2017,Portugal,21490.0,221357874719.0
633,4,ARG,1348.36,1348,0,2017-12-21,2017,Argentina,14613.0,643628665302.0
634,5,BEL,1325.29,1325,0,2017-12-21,2017,Belgium,44198.0,502764720556.0
635,6,ESP,1230.83,1231,0,2017-12-21,2017,Spain,28170.0,1312539279462.0
636,7,POL,1208.96,1209,0,2017-12-21,2017,Poland,13865.0,526508877305.0
637,8,SUI,1190.44,1190,0,2017-12-21,2017,Switzerland,83352.0,704478516964.0
638,9,FRA,1183.3,1183,0,2017-12-21,2017,France,38781.0,2595151045198.0
639,10,CHI,1161.85,1162,0,2017-12-21,2017,Chile,14999.0,277034675516.0
640,11,PER,1128.12,1128,0,2017-12-21,2017,Peru,6711.0,211007207484.0
641,12,DEN,1098.82,1099,0,2017-12-21,2017,Denmark,57610.0,332121063806.0
642,13,COL,1077.6,1078,0,2017-12-21,2017,Colombia,6377.0,311883730690.0
643,14,ITA,1052.49,1052,0,2017-12-21,2017,Italy,32407.0,1961796197354.0
644,15,ENG,1046.98,1047,0,2017-12-21,2017,England,40306.0,2662572824912.0
645,16,MEX,1032.32,1032,0,2017-12-21,2017,Mexico,9288.0,1158913035796.0
646,17,CRO,1017.91,1018,0,2017-12-21,2017,Croatia,13452.0,55481644098.0
647,18,SWE,997.82,998,0,2017-12-21,2017,Sweden,53792.0,541018749769.0
649,20,NED,952.49,952,0,2017-12-21,2017,Netherlands,48675.0,833869641687.0
650,21,URU,924.02,924,0,2017-12-21,2017,Uruguay,18691.0,64233966861.0
651,22,ISL,909.55,910,0,2017-12-21,2017,Iceland,72010.0,24728285177.0
652,23,SEN,883.91,884,0,2017-12-21,2017,Senegal,1362.0,20996564752.0
653,24,USA,867.03,867,0,2017-12-21,2017,USA,60110.0,19542979183000.0
655,26,CRC,849.67,850,0,2017-12-21,2017,Costa Rica,12226.0,60516043590.0
656,27,TUN,838.34,838,0,2017-12-21,2017,Tunisia,3481.0,39802554352.0
658,29,AUT,815.41,815,0,2017-12-21,2017,Austria,47427.0,417237869116.0
659,30,PAR,812.11,812,0,2017-12-21,2017,Paraguay,5679.0,38997129474.0
660,31,EGY,805.32,805,0,2017-12-21,2017,Egypt,2444.0,235733695652.0
661,32,IRL,798.06,798,0,2017-12-21,2017,Republic of Ireland,70587.0,339341385920.0
662,32,IRN,797.79,798,0,2017-12-21,2017,IR Iran,5520.0,445345256459.0
664,35,UKR,781.25,781,0,2017-12-21,2017,Ukraine,2641.0,112190355158.0
665,36,SRB,755.6,756,1,2017-12-21,2017,Serbia,6293.0,44179055280.0
667,38,AUS,747.35,747,1,2017-12-21,2017,Australia,54028.0,1329188475752.0
668,39,COD,740.01,764,-3,2017-12-21,2017,Congo DR,467.0,38019265626.0
669,40,MAR,737.91,738,0,2017-12-21,2017,Morocco,3035.0,109682728023.0
670,41,ROU,736.67,737,0,2017-12-21,2017,Romania,10807.0,211695422579.0
671,42,TUR,735.28,735,0,2017-12-21,2017,Turkey,10590.0,858996263096.0
672,43,BUL,718.88,719,0,2017-12-21,2017,Bulgaria,8334.0,58971520599.0
673,44,BFA,704.69,705,0,2017-12-21,2017,Burkina Faso,735.0,14106956830.0
674,45,CMR,695.58,696,0,2017-12-21,2017,Cameroon,1425.0,35009262788.0
675,46,MNE,681.41,681,0,2017-12-21,2017,Montenegro,7803.0,4856632399.0
676,47,GRE,679.66,680,0,2017-12-21,2017,Greece,18608.0,200125137434.0
677,48,CZE,676.87,677,0,2017-12-21,2017,Czech Republic,20636.0,218628940952.0
678,49,BOL,673.94,674,0,2017-12-21,2017,Bolivia,3351.0,37508642171.0
679,50,GHA,657.47,657,1,2017-12-21,2017,Ghana,2021.0,58845211998.0
680,51,NGA,639.67,671,-1,2017-12-21,2017,Nigeria,1969.0,375746469539.0
681,52,VEN,639.11,639,0,2017-12-21,2017,Venezuela,0.0,0.0
682,53,HUN,630.01,630,0,2017-12-21,2017,Hungary,14606.0,142961605733.0
683,54,JAM,625.38,625,0,2017-12-21,2017,Jamaica,5070.0,14808989993.0
684,55,PAN,620.91,621,1,2017-12-21,2017,Panama,15146.0,62202700000.0
685,56,HAI,607.18,607,1,2017-12-21,2017,Haiti,1294.0,14213814583.0
686,57,JPN,599.57,623,-2,2017-12-21,2017,Japan,38387.0,4866864409658.0
687,58,ALG,588.29,537,6,2017-12-21,2017,Algeria,4110.0,170097230858.0
688,59,NOR,573.29,573,-1,2017-12-21,2017,Norway,75497.0,398393955269.0
691,62,ALB,552.62,553,0,2017-12-21,2017,Albania,4531.0,13019693451.0
692,63,KSA,543.38,539,0,2017-12-21,2017,Saudi Arabia,20802.0,688586244293.0
693,64,RUS,533.51,534,1,2017-12-21,2017,Russia,10720.0,1574199387071.0
694,65,GUI,531.52,532,1,2017-12-21,2017,Guinea,856.0,10324668267.0
695,66,FIN,531.42,531,1,2017-12-21,2017,Finland,46412.0,255647979916.0
696,67,CPV,529.65,530,1,2017-12-21,2017,Cape Verde Islands,3293.0,1769787215.0
697,68,HON,525.21,521,2,2017-12-21,2017,Honduras,2454.0,23136232230.0
698,69,SVN,521.72,522,0,2017-12-21,2017,Slovenia,23513.0,48586603448.0
699,70,ECU,508.29,508,1,2017-12-21,2017,Ecuador,6214.0,104295862000.0
700,71,CHN,497.76,561,-11,2017-12-21,2017,China PR,8879.0,12310409370894.0
701,72,MLI,493.23,493,0,2017-12-21,2017,Mali,830.0,15365714371.0
702,73,UAE,476.21,474,0,2017-12-21,2017,United Arab Emirates,40645.0,385605506848.0
703,74,ZAM,467.66,449,1,2017-12-21,2017,Zambia,1535.0,25873601261.0
704,75,UGA,448.19,471,-1,2017-12-21,2017,Uganda,747.0,30744473840.0
705,76,MKD,445.65,446,0,2017-12-21,2017,FYR Macedonia,5432.0,11310265325.0
707,78,UZB,440.57,437,2,2017-12-21,2017,Uzbekistan,1827.0,59159945321.0
708,79,IRQ,437.62,438,0,2017-12-21,2017,Iraq,5077.0,190643898226.0
710,81,RSA,432.79,434,0,2017-12-21,2017,South Africa,6131.0,349554116684.0
711,82,BEN,427.46,427,0,2017-12-21,2017,Benin,1137.0,12701655846.0
712,83,LUX,407.47,407,1,2017-12-21,2017,Luxembourg,107627.0,64181944723.0
713,83,CUW,406.5,407,1,2017-12-21,2017,Curaçao,19458.0,3116610112.0
714,85,LIB,403.87,404,2,2017-12-21,2017,Lebanon,7793.0,53140638269.0
715,86,GNB,403.25,403,2,2017-12-21,2017,Guinea-Bissau,739.0,1350177128.0
716,87,TRI,401.67,402,2,2017-12-21,2017,Trinidad and Tobago,16174.0,22385426654.0
717,88,LBY,399.01,442,-11,2017-12-21,2017,Libya,5757.0,37883243650.0
718,89,EST,396.53,407,-5,2017-12-21,2017,Estonia,20458.0,26951648829.0
719,90,ARM,382.62,383,0,2017-12-21,2017,Armenia,3915.0,11527458566.0
720,91,CYP,373.47,373,0,2017-12-21,2017,Cyprus,26444.0,22729184365.0
721,92,BLR,372.25,372,0,2017-12-21,2017,Belarus,5762.0,54726595249.0
722,93,GAB,369.93,370,0,2017-12-21,2017,Gabon,7230.0,14929488771.0
723,94,CAN,369.4,369,0,2017-12-21,2017,Canada,45129.0,1649265644244.0
724,95,FRO,363.64,364,0,2017-12-21,2017,Faroe Islands,59993.0,2899226098.0
725,96,CGO,362.0,362,0,2017-12-21,2017,Congo,2174.0,11109029840.0
726,97,SLE,359.7,360,0,2017-12-21,2017,Sierra Leone,499.0,3739577973.0
727,98,ISR,355.18,355,0,2017-12-21,2017,Israel,40475.0,352667925811.0
728,99,MTN,353.96,354,0,2017-12-21,2017,Mauritania,1578.0,6757333550.0
729,100,SLV,351.82,352,0,2017-12-21,2017,El Salvador,3910.0,24979200000.0
730,101,OMA,351.32,350,0,2017-12-21,2017,Oman,15128.0,70585606844.0
731,102,QAT,328.69,336,0,2017-12-21,2017,Qatar,59125.0,161099122215.0
732,103,ZIM,323.17,323,0,2017-12-21,2017,Zimbabwe,1336.0,19015327919.0
733,104,GEO,321.71,322,0,2017-12-21,2017,Georgia,4357.0,16242916916.0
734,105,IND,319.67,320,0,2017-12-21,2017,India,1981.0,2651472946375.0
735,106,KEN,317.02,300,5,2017-12-21,2017,Kenya,1572.0,78965004656.0
736,107,JOR,312.92,311,0,2017-12-21,2017,Jordan,4232.0,41408960845.0
737,108,MAD,309.49,309,0,2017-12-21,2017,Madagascar,515.0,13176313233.0
738,108,NIG,309.39,309,0,2017-12-21,2017,Niger,518.0,11189541083.0
739,110,MOZ,304.05,304,0,2017-12-21,2017,Mozambique,461.0,13219084261.0
740,111,SKN,303.41,291,2,2017-12-21,2017,St Kitts and Nevis,19159.0,996944444.0
741,112,VIE,298.08,265,13,2017-12-21,2017,Vietnam,2366.0,223779865815.0
742,113,RWA,294.83,269,7,2017-12-21,2017,Rwanda,772.0,9253098954.0
743,114,TKM,291.69,292,-2,2017-12-21,2017,Turkmenistan,6587.0,37926285714.0
744,115,BHR,282.39,282,0,2017-12-21,2017,Bahrain,23743.0,35473776596.0
745,115,KGZ,282.39,282,0,2017-12-21,2017,Kyrgyz Republic,1243.0,7702934800.0
746,117,AZE,281.31,281,0,2017-12-21,2017,Azerbaijan,4147.0,40865558912.0
747,118,NAM,274.35,274,1,2017-12-21,2017,Namibia,5367.0,12895153157.0
748,119,NCA,272.99,315,-13,2017-12-21,2017,Nicaragua,2159.0,13785909906.0
749,120,YEM,268.05,268,1,2017-12-21,2017,Yemen,961.0,26736138945.0
750,121,NZL,267.31,267,1,2017-12-21,2017,New Zealand,43226.0,208071723251.0
751,122,TOG,266.2,266,1,2017-12-21,2017,Togo,831.0,6395472574.0
752,122,CTA,265.63,266,1,2017-12-21,2017,Central African Republic,451.0,2072349974.0
753,124,PHI,262.9,280,-6,2017-12-21,2017,Philippines,3123.0,328480867143.0
754,125,MWI,259.71,260,1,2017-12-21,2017,Malawi,497.0,8787570920.0
755,126,TJK,255.32,255,1,2017-12-21,2017,Tajikistan,849.0,7536439875.0
757,128,SUR,245.22,245,0,2017-12-21,2017,Suriname,6296.0,3591623596.0
758,129,GUA,242.49,242,0,2017-12-21,2017,Guatemala,4454.0,71654134379.0
759,130,THA,236.38,230,2,2017-12-21,2017,Thailand,6594.0,456356961443.0
760,131,COM,234.61,235,-1,2017-12-21,2017,Comoros,1324.0,1077439756.0
761,132,LVA,233.01,233,-1,2017-12-21,2017,Latvia,15682.0,30458763246.0
763,134,LBR,223.73,224,0,2017-12-21,2017,Liberia,699.0,3285455000.0
765,136,SDN,220.94,219,1,2017-12-21,2017,Sudan,1103.0,45017179069.0
766,137,KAZ,220.1,220,-1,2017-12-21,2017,Kazakhstan,9248.0,166805800596.0
767,138,AND,214.8,215,1,2017-12-21,2017,Andorra,38965.0,3000180750.0
768,139,ATG,209.46,209,1,2017-12-21,2017,Antigua and Barbuda,15384.0,1467977778.0
769,140,MYA,202.71,176,10,2017-12-21,2017,Myanmar,1258.0,67144725831.0
770,141,ANG,200.6,201,0,2017-12-21,2017,Angola,4096.0,122123822334.0
771,142,BDI,197.2,216,-4,2017-12-21,2017,Burundi,293.0,3172292379.0
772,143,ETH,195.95,187,2,2017-12-21,2017,Ethiopia,769.0,81770791971.0
773,144,HKG,188.99,189,-1,2017-12-21,2017,Hong Kong,46166.0,341244161577.0
774,145,LES,188.37,188,-1,2017-12-21,2017,Lesotho,1103.0,2306843529.0
775,146,EQG,187.27,187,-1,2017-12-21,2017,Equatorial Guinea,9668.0,12200913888.0
776,147,TAN,182.47,193,-5,2017-12-21,2017,Tanzania,1005.0,53320625959.0
777,148,AFG,181.11,181,-1,2017-12-21,2017,Afghanistan,520.0,18869945678.0
778,149,LTU,178.96,179,-1,2017-12-21,2017,Lithuania,16885.0,47758736932.0
779,150,BOT,172.31,176,0,2017-12-21,2017,Botswana,7893.0,17405588070.0
780,151,SOL,152.36,179,-3,2017-12-21,2017,Solomon Islands,2333.0,1483758907.0
782,153,SSD,147.69,172,-1,2017-12-21,2017,South Sudan,0.0,0.0
784,155,MDV,143.92,135,2,2017-12-21,2017,Maldives,9578.0,4754352304.0
785,155,BRB,143.76,144,-1,2017-12-21,2017,Barbados,17392.0,4978000000.0
786,157,VAN,140.84,55,28,2017-12-21,2017,Vanuatu,3082.0,880043554.0
787,158,BLZ,134.94,135,-1,2017-12-21,2017,Belize,4946.0,1858529677.0
788,159,MRI,133.61,134,0,2017-12-21,2017,Mauritius,10485.0,13259348214.0
789,160,PNG,125.91,126,1,2017-12-21,2017,Papua New Guinea,2695.0,22742613554.0
790,161,GRN,124.62,132,-1,2017-12-21,2017,Grenada,10153.0,1125685185.0
791,162,IDN,121.27,144,-8,2017-12-21,2017,Indonesia,3838.0,1015618742566.0
792,162,DOM,120.56,121,0,2017-12-21,2017,Dominican Republic,7609.0,79997975622.0
793,164,GAM,119.52,120,-1,2017-12-21,2017,Gambia,680.0,1504909753.0
794,165,GUY,117.41,117,-1,2017-12-21,2017,Guyana,6125.0,4748174334.0
795,166,PUR,111.53,112,-1,2017-12-21,2017,Puerto Rico,31109.0,103445500000.0
796,167,MDA,110.7,111,-1,2017-12-21,2017,Moldova,3510.0,9669759987.0
797,168,FIJ,110.15,93,10,2017-12-21,2017,Fiji,6101.0,5353404422.0
798,168,CHA,109.82,110,0,2017-12-21,2017,Chad,666.0,10000395242.0
799,168,DMA,109.55,111,-2,2017-12-21,2017,Dominica,7275.0,519837037.0
800,171,NEP,101.72,98,-1,2017-12-21,2017,Nepal,1048.0,28971589213.0
801,172,SIN,101.02,98,-2,2017-12-21,2017,Singapore,61176.0,343337750742.0
802,173,CAM,99.7,98,-3,2017-12-21,2017,Cambodia,1385.0,22177200512.0
803,174,MAS,99.08,97,0,2017-12-21,2017,Malaysia,10259.0,319112136545.0
804,174,VIN,98.58,99,-5,2017-12-21,2017,St Vincent and the Grenadines,7213.0,792177778.0
805,174,LCA,98.56,97,0,2017-12-21,2017,St Lucia,11047.0,1999090407.0
806,177,KVX,97.49,97,-3,2017-12-21,2017,Kosovo,4046.0,7245707185.0
808,179,ARU,91.5,92,0,2017-12-21,2017,Aruba,29351.0,3092430168.0
809,180,CUB,90.96,98,-10,2017-12-21,2017,Cuba,8541.0,96851000000.0
810,181,LIE,86.1,54,6,2017-12-21,2017,Liechtenstein,171254.0,6474256119.0
811,182,LAO,82.31,62,2,2017-12-21,2017,Laos,2424.0,16853087485.0
812,183,BER,71.67,72,-3,2017-12-21,2017,Bermuda,111821.0,7142316000.0
813,184,MLT,65.87,66,-3,2017-12-21,2017,Malta,28251.0,13221298308.0
814,185,MAC,65.38,65,-3,2017-12-21,2017,Macau,81045.0,50456765512.0
815,186,DJI,63.75,64,-3,2017-12-21,2017,Djibouti,2914.0,2751461056.0
816,187,MNG,55.25,17,12,2017-12-21,2017,Mongolia,3669.0,11425755280.0
817,187,BHU,54.54,55,-2,2017-12-21,2017,Bhutan,3287.0,2450364928.0
818,189,KUW,52.3,52,-1,2017-12-21,2017,Kuwait,29759.0,120707435412.0
819,190,BRU,45.48,45,0,2017-12-21,2017,Brunei Darussalam,28572.0,12128104859.0
820,191,TLS,43.75,32,5,2017-12-21,2017,Timor-Leste,1286.0,1599338100.0
821,192,SEY,43.33,51,-3,2017-12-21,2017,Seychelles,15906.0,1524486800.0
822,192,GUM,42.62,43,-1,2017-12-21,2017,Guam,36602.0,6013000000.0
823,194,ASA,38.25,38,-2,2017-12-21,2017,American Samoa,11004.0,612000000.0
825,194,SAM,38.25,38,-2,2017-12-21,2017,Samoa,4260.0,832153613.0
826,197,BAN,37.08,38,-5,2017-12-21,2017,Bangladesh,1564.0,249710922462.0
827,198,VIR,26.39,26,-1,2017-12-21,2017,US Virgin Islands,36288.0,3893000000.0
829,200,SRI,16.24,16,0,2017-12-21,2017,Sri Lanka,4077.0,87421762729.0
830,201,PAK,15.25,15,0,2017-12-21,2017,Pakistan,1465.0,304567253219.0
831,202,TCA,13.2,13,0,2017-12-21,2017,Turks and Caicos Islands,27545.0,1022365000.0
832,202,CAY,12.75,13,0,2017-12-21,2017,Cayman Islands,81513.0,5166467299.0
833,204,SMR,11.09,11,0,2017-12-21,2017,San Marino,45399.0,1528630707.0
836,206,BAH,0.0,0,0,2017-12-21,2017,Bahamas,32720.0,12490700000.0
839,206,SOM,0.0,0,0,2017-12-21,2017,Somalia,309.0,4508845348.0
840,206,TGA,0.0,0,0,2017-12-21,2017,Tonga,4513.0,460379145.0
841,1,GER,1558.49,1544,0,2018-06-07,2018,Germany,47811.0,3963767526251.0
842,2,BRA,1430.57,1384,0,2018-06-07,2018,Brazil,9151.0,1916947014068.0
843,3,BEL,1298.32,1346,0,2018-06-07,2018,Belgium,47578.0,543676145774.0
844,4,POR,1273.69,1306,0,2018-06-07,2018,Portugal,23563.0,242313116578.0
845,5,ARG,1241.45,1254,0,2018-06-07,2018,Argentina,11633.0,517626700413.0
846,6,SUI,1198.72,1179,0,2018-06-07,2018,Switzerland,86430.0,735889205256.0
847,7,FRA,1198.13,1166,0,2018-06-07,2018,France,41547.0,2787863958885.0
848,8,POL,1182.61,1128,2,2018-06-07,2018,Poland,15468.0,587408980272.0
849,9,CHI,1134.66,1146,0,2018-06-07,2018,Chile,15888.0,297571693064.0
850,10,ESP,1125.5,1162,-2,2018-06-07,2018,Spain,30389.0,1422153839841.0
851,11,PER,1125.39,1106,0,2018-06-07,2018,Peru,6958.0,222574697256.0
852,12,DEN,1051.44,1054,0,2018-06-07,2018,Denmark,61599.0,356879499798.0
853,12,ENG,1050.84,1040,1,2018-06-07,2018,England,42996.0,2857507502963.0
854,14,URU,1018.41,976,3,2018-06-07,2018,Uruguay,18704.0,64515038268.0
855,15,MEX,989.44,1008,0,2018-06-07,2018,Mexico,9687.0,1222348807283.0
856,16,COL,985.97,989,0,2018-06-07,2018,Colombia,6730.0,334198214706.0
857,17,NED,980.98,969,2,2018-06-07,2018,Netherlands,53045.0,914043438180.0
859,19,ITA,951.25,947,1,2018-06-07,2018,Italy,34626.0,2092138739020.0
860,20,CRO,945.18,975,-2,2018-06-07,2018,Croatia,15014.0,61375222347.0
861,21,TUN,909.91,1012,-7,2018-06-07,2018,Tunisia,3439.0,39770478673.0
862,22,ISL,908.01,930,0,2018-06-07,2018,Iceland,74348.0,26224228693.0
863,23,CRC,884.04,858,2,2018-06-07,2018,Costa Rica,12469.0,62335931464.0
864,24,SWE,879.9,889,-1,2018-06-07,2018,Sweden,54589.0,555455371487.0
865,25,USA,872.68,880,-1,2018-06-07,2018,USA,63064.0,20611860934000.0
866,26,AUT,844.7,841,0,2018-06-07,2018,Austria,51478.0,455094861902.0
867,27,SEN,837.98,825,1,2018-06-07,2018,Senegal,1458.0,23116699808.0
870,30,ROU,781.66,737,2,2018-06-07,2018,Romania,12399.0,241457403085.0
871,31,IRL,777.11,776,0,2018-06-07,2018,Republic of Ireland,79336.0,386155676371.0
872,32,PAR,773.18,737,0,2018-06-07,2018,Paraguay,5783.0,40225448341.0
873,33,VEN,754.55,709,6,2018-06-07,2018,Venezuela,0.0,0.0
874,34,SRB,750.75,732,1,2018-06-07,2018,Serbia,7252.0,50640650221.0
875,35,UKR,732.77,777,-5,2018-06-07,2018,Ukraine,3097.0,130901858422.0
876,36,AUS,718.33,700,4,2018-06-07,2018,Australia,57355.0,1432881172002.0
877,37,IRN,708.35,727,-1,2018-06-07,2018,IR Iran,3598.0,294356680625.0
878,38,TUR,706.39,714,-1,2018-06-07,2018,Turkey,9453.0,778377023569.0
879,38,COD,705.87,711,0,2018-06-07,2018,Congo DR,557.0,46831342213.0
881,41,MAR,685.86,681,1,2018-06-07,2018,Morocco,3227.0,118096227400.0
883,43,MNE,651.58,671,0,2018-06-07,2018,Montenegro,8850.0,5506767832.0
884,44,GRE,649.82,657,0,2018-06-07,2018,Greece,19776.0,212249754841.0
885,45,EGY,649.43,636,1,2018-06-07,2018,Egypt,2537.0,249712999437.0
886,46,CZE,640.7,647,-1,2018-06-07,2018,Czech Republic,23420.0,248950103352.0
887,47,GHA,623.69,603,3,2018-06-07,2018,Ghana,2194.0,65315955123.0
888,48,NGA,617.79,635,-1,2018-06-07,2018,Nigeria,2028.0,397190484464.0
889,49,BUL,614.39,583,4,2018-06-07,2018,Bulgaria,9428.0,66230155100.0
890,49,CMR,613.88,603,1,2018-06-07,2018,Cameroon,1534.0,38694156863.0
891,51,HUN,611.82,604,-2,2018-06-07,2018,Hungary,16411.0,160431092909.0
892,52,BFA,604.15,582,2,2018-06-07,2018,Burkina Faso,813.0,16059910871.0
893,53,NOR,595.99,608,-5,2018-06-07,2018,Norway,82268.0,436999692591.0
894,54,JAM,588.13,587,-2,2018-06-07,2018,Jamaica,5360.0,15730793853.0
895,55,PAN,571.17,574,0,2018-06-07,2018,Panama,15545.0,64928300000.0
896,56,SVN,558.05,495,9,2018-06-07,2018,Slovenia,26116.0,54161636035.0
898,58,ALB,537.79,549,-2,2018-06-07,2018,Albania,5284.0,15147020535.0
899,59,BOL,536.08,548,-2,2018-06-07,2018,Bolivia,3549.0,40287647931.0
900,60,ECU,523.85,506,3,2018-06-07,2018,Ecuador,6296.0,107562008000.0
901,61,JPN,520.75,528,-1,2018-06-07,2018,Japan,39159.0,4954806619995.0
902,62,HON,503.3,530,-3,2018-06-07,2018,Honduras,2510.0,24067778954.0
903,63,FIN,486.43,507,-1,2018-06-07,2018,Finland,50038.0,275984345123.0
904,64,MLI,483.7,462,3,2018-06-07,2018,Mali,895.0,17070866299.0
905,65,CPV,477.77,545,-7,2018-06-07,2018,Cape Verde Islands,3617.0,1966983316.0
906,66,ALG,473.83,499,-2,2018-06-07,2018,Algeria,4154.0,175414987761.0
907,67,KSA,465.28,462,0,2018-06-07,2018,Saudi Arabia,23337.0,786521831573.0
909,68,GUI,462.98,450,2,2018-06-07,2018,Guinea,955.0,11857030337.0
910,70,RUS,456.53,493,-4,2018-06-07,2018,Russia,11287.0,1657328865710.0
911,71,MKD,451.3,422,6,2018-06-07,2018,FYR Macedonia,6087.0,12679934731.0
912,72,SLV,441.53,392,13,2018-06-07,2018,El Salvador,4053.0,26020850000.0
914,74,RSA,427.68,432,-2,2018-06-07,2018,South Africa,6373.0,368288939768.0
915,75,CHN,423.09,431,-2,2018-06-07,2018,China PR,9977.0,13894817549380.0
916,76,ZAM,420.31,412,2,2018-06-07,2018,Zambia,1516.0,26311637647.0
917,77,UAE,417.66,405,4,2018-06-07,2018,United Arab Emirates,43839.0,422215043594.0
918,78,BLR,417.42,410,1,2018-06-07,2018,Belarus,6330.0,60031262269.0
919,79,LIB,411.49,404,3,2018-06-07,2018,Lebanon,8013.0,54961275742.0
920,79,CAN,410.93,407,1,2018-06-07,2018,Canada,46454.0,1721822141488.0
921,81,CUW,408.27,439,-10,2018-06-07,2018,Curaçao,19631.0,3127908045.0
922,82,UGA,402.91,426,-8,2018-06-07,2018,Uganda,770.0,32912338571.0
923,83,CGO,393.04,378,6,2018-06-07,2018,Congo,2601.0,13642740884.0
924,84,OMA,391.06,383,3,2018-06-07,2018,Oman,16521.0,79788768969.0
925,85,GAB,389.96,374,5,2018-06-07,2018,Gabon,7957.0,16862282414.0
926,85,LUX,389.95,401,-2,2018-06-07,2018,Luxembourg,116654.0,70919958016.0
927,87,CYP,383.53,386,-1,2018-06-07,2018,Cyprus,29089.0,25309818139.0
928,88,BEN,378.77,397,-4,2018-06-07,2018,Benin,1241.0,14250987026.0
929,89,IRQ,376.7,372,2,2018-06-07,2018,Iraq,5523.0,212271807144.0
930,90,FRO,375.91,364,3,2018-06-07,2018,Faroe Islands,62918.0,3051341336.0
931,91,TRI,369.54,366,1,2018-06-07,2018,Trinidad and Tobago,17038.0,23679919655.0
932,92,KGZ,362.71,424,-17,2018-06-07,2018,Kyrgyz Republic,1308.0,8271106196.0
933,93,ISR,361.87,347,5,2018-06-07,2018,Israel,41705.0,370455651180.0
934,94,EST,359.41,364,-1,2018-06-07,2018,Estonia,23171.0,30631142227.0
935,95,UZB,353.91,381,-7,2018-06-07,2018,Uzbekistan,1529.0,50392607758.0
936,96,GEO,351.51,362,-1,2018-06-07,2018,Georgia,4723.0,17599700091.0
937,97,IND,349.92,354,0,2018-06-07,2018,India,1997.0,2701111782775.0
938,98,QAT,347.59,339,3,2018-06-07,2018,Qatar,65908.0,183334953813.0
940,100,ARM,338.21,347,-2,2018-06-07,2018,Armenia,4221.0,12457941907.0
941,101,LBY,335.87,341,-1,2018-06-07,2018,Libya,7877.0,52607888718.0
942,102,VIE,334.37,334,0,2018-06-07,2018,Vietnam,2566.0,245213686369.0
943,103,NIG,323.36,299,6,2018-06-07,2018,Niger,572.0,12846952857.0
944,104,HAI,321.93,302,4,2018-06-07,2018,Haiti,1435.0,15965670198.0
945,105,AZE,321.48,245,21,2018-06-07,2018,Azerbaijan,4740.0,47112941176.0
946,106,MAD,307.7,284,8,2018-06-07,2018,Madagascar,518.0,13614412551.0
947,107,MTN,304.17,314,-2,2018-06-07,2018,Mauritania,1601.0,7050987978.0
949,108,CTA,303.08,283,7,2018-06-07,2018,Central African Republic,476.0,2220979145.0
950,110,JOR,296.18,272,8,2018-06-07,2018,Jordan,4308.0,42932112676.0
951,111,SLE,292.16,332,-8,2018-06-07,2018,Sierra Leone,534.0,4085114794.0
952,112,KEN,290.83,289,-1,2018-06-07,2018,Kenya,1708.0,87778582964.0
953,113,BHR,289.25,281,3,2018-06-07,2018,Bahrain,23991.0,37652500000.0
954,114,MOZ,281.55,311,-8,2018-06-07,2018,Mozambique,503.0,14845870051.0
955,115,PHI,280.02,289,-4,2018-06-07,2018,Philippines,3252.0,346842094175.0
956,116,NAM,277.06,308,-9,2018-06-07,2018,Namibia,5588.0,13681065175.0
957,117,KAZ,272.85,273,0,2018-06-07,2018,Kazakhstan,9813.0,179339994859.0
958,118,ZIM,264.59,287,-5,2018-06-07,2018,Zimbabwe,1352.0,19523622342.0
959,119,TJK,263.65,266,1,2018-06-07,2018,Tajikistan,853.0,7765014424.0
960,120,NZL,255.78,229,13,2018-06-07,2018,New Zealand,42621.0,208870426803.0
961,121,GNB,255.11,330,-17,2018-06-07,2018,Guinea-Bissau,803.0,1504630121.0
962,122,THA,248.21,253,0,2018-06-07,2018,Thailand,7297.0,506611070188.0
963,123,MWI,247.19,269,-4,2018-06-07,2018,Malawi,535.0,9712994565.0
965,125,TOG,241.13,242,3,2018-06-07,2018,Togo,902.0,7112200725.0
966,126,LTU,239.38,229,7,2018-06-07,2018,Lithuania,19176.0,53722883091.0
967,126,ATG,239.34,251,-2,2018-06-07,2018,Antigua and Barbuda,16673.0,1605351852.0
968,128,SDN,232.17,245,-2,2018-06-07,2018,Sudan,826.0,34522586970.0
969,129,LVA,230.04,217,10,2018-06-07,2018,Latvia,17858.0,34416012859.0
970,130,TKM,229.36,242,-2,2018-06-07,2018,Turkmenistan,6967.0,40765428571.0
971,130,AND,228.81,230,2,2018-06-07,2018,Andorra,41792.0,3218316013.0
972,132,NCA,227.69,224,4,2018-06-07,2018,Nicaragua,2015.0,13025208220.0
973,133,YEM,227.43,251,-9,2018-06-07,2018,Yemen,824.0,23486269599.0
975,135,SKN,218.06,241,-5,2018-06-07,2018,St Kitts and Nevis,19277.0,1010822222.0
976,136,RWA,216.13,252,-13,2018-06-07,2018,Rwanda,784.0,9640280084.0
977,137,ANG,209.08,221,1,2018-06-07,2018,Angola,3290.0,101353230785.0
978,138,MYA,205.52,227,-3,2018-06-07,2018,Myanmar,1279.0,68697759361.0
979,139,BOT,204.52,195,3,2018-06-07,2018,Botswana,8280.0,18663265549.0
980,140,TAN,200.32,223,-3,2018-06-07,2018,Tanzania,1043.0,57003713748.0
981,141,KVX,197.2,164,11,2018-06-07,2018,Kosovo,4420.0,7942961738.0
982,142,HKG,195.06,194,2,2018-06-07,2018,Hong Kong,48543.0,361691522613.0
983,143,EQG,189.97,190,2,2018-06-07,2018,Equatorial Guinea,10006.0,13097012189.0
984,143,SOL,189.91,162,10,2018-06-07,2018,Solomon Islands,2412.0,1574599183.0
985,145,AFG,187.6,199,-5,2018-06-07,2018,Afghanistan,494.0,18353881130.0
986,146,GUA,179.79,198,-5,2018-06-07,2018,Guatemala,4478.0,73208583759.0
987,147,LES,175.48,172,3,2018-06-07,2018,Lesotho,1192.0,2514146888.0
988,148,BDI,174.16,188,-2,2018-06-07,2018,Burundi,272.0,3036937141.0
989,149,COM,171.66,195,-7,2018-06-07,2018,Comoros,1416.0,1178530634.0
990,150,MDV,171.42,183,-2,2018-06-07,2018,Maldives,10277.0,5299773144.0
991,151,ETH,165.84,188,-5,2018-06-07,2018,Ethiopia,772.0,84269348327.0
992,152,DOM,162.4,175,-3,2018-06-07,2018,Dominican Republic,8051.0,85555378043.0
993,153,SUR,154.19,140,1,2018-06-07,2018,Suriname,6938.0,3996247906.0
995,155,MRI,140.37,124,6,2018-06-07,2018,Mauritius,11208.0,14181930162.0
996,156,SSD,131.82,130,1,2018-06-07,2018,South Sudan,0.0,0.0
998,158,LBR,129.08,167,-7,2018-06-07,2018,Liberia,677.0,3264000000.0
999,159,KUW,128.48,126,1,2018-06-07,2018,Kuwait,33399.0,138182400494.0
1000,160,BRB,127.07,129,-2,2018-06-07,2018,Barbados,17745.0,5086500000.0
1001,161,NEP,118.47,111,3,2018-06-07,2018,Nepal,1179.0,33111525183.0
1002,162,VAN,116.83,136,-7,2018-06-07,2018,Vanuatu,3125.0,914727908.0
1003,163,BLZ,115.31,107,6,2018-06-07,2018,Belize,5001.0,1915899787.0
1004,164,IDN,111.49,111,0,2018-06-07,2018,Indonesia,3894.0,1042271531012.0
1005,165,FIJ,103.65,110,2,2018-06-07,2018,Fiji,6317.0,5581393121.0
1006,166,CAM,103.2,105,4,2018-06-07,2018,Cambodia,1512.0,24571753584.0
1007,166,PNG,102.67,78,14,2018-06-07,2018,Papua New Guinea,2801.0,24109509853.0
1008,168,GRN,101.53,113,-5,2018-06-07,2018,Grenada,10486.0,1168696296.0
1009,169,SIN,98.85,102,3,2018-06-07,2018,Singapore,66679.0,375981539146.0
1010,170,LCA,94.94,95,4,2018-06-07,2018,St Lucia,11358.0,2065875074.0
1011,171,MAS,93.04,104,0,2018-06-07,2018,Malaysia,11378.0,358715057124.0
1012,172,GAM,91.94,94,3,2018-06-07,2018,Gambia,733.0,1670670669.0
1013,173,VIN,88.6,91,3,2018-06-07,2018,St Vincent and the Grenadines,7361.0,811300000.0
1014,173,PUR,88.59,128,-14,2018-06-07,2018,Puerto Rico,31605.0,100925000000.0
1015,175,CHA,87.98,108,-7,2018-06-07,2018,Chad,726.0,11239167048.0
1016,175,MDA,87.81,98,-2,2018-06-07,2018,Moldova,4230.0,11456728401.0
1017,177,DMA,86.07,86,0,2018-06-07,2018,Dominica,7694.0,551074074.0
1018,178,BER,81.64,82,0,2018-06-07,2018,Bermuda,113023.0,7224329000.0
1019,178,LAO,81.58,80,1,2018-06-07,2018,Laos,2542.0,17953786416.0
1020,180,LIE,79.76,77,1,2018-06-07,2018,Liechtenstein,180367.0,6839145107.0
1021,181,CUB,74.88,75,1,2018-06-07,2018,Cuba,8824.0,100050000000.0
1022,182,GUY,73.41,111,-18,2018-06-07,2018,Guyana,6146.0,4787635821.0
1023,183,BHU,68.0,68,1,2018-06-07,2018,Bhutan,3243.0,2446866405.0
1024,184,MLT,65.11,62,1,2018-06-07,2018,Malta,30672.0,14864712990.0
1025,185,MAC,60.11,60,1,2018-06-07,2018,Macau,87555.0,55302446578.0
1026,186,MNG,51.0,51,2,2018-06-07,2018,Mongolia,4135.0,13108769496.0
1028,188,SEY,48.47,37,6,2018-06-07,2018,Seychelles,16391.0,1586009000.0
1029,188,ARU,48.45,75,-6,2018-06-07,2018,Aruba,30253.0,3202188607.0
1030,190,GUM,44.96,45,-1,2018-06-07,2018,Guam,36502.0,6051000000.0
1031,190,TLS,44.86,44,0,2018-06-07,2018,Timor-Leste,1230.0,1559894900.0
1032,192,ASA,38.25,38,-1,2018-06-07,2018,American Samoa,11558.0,641000000.0
1034,194,BAN,34.76,33,3,2018-06-07,2018,Bangladesh,1698.0,274038973437.0
1036,195,BRU,34.0,36,0,2018-06-07,2018,Brunei Darussalam,31628.0,13567351175.0
1037,197,DJI,31.88,27,1,2018-06-07,2018,Djibouti,3142.0,3012820410.0
1038,197,SAM,31.88,38,-6,2018-06-07,2018,Samoa,4189.0,821496065.0
1039,199,VIR,17.6,18,0,2018-06-07,2018,US Virgin Islands,37233.0,3984000000.0
1040,200,SRI,16.76,17,0,2018-06-07,2018,Sri Lanka,4059.0,87954272082.0
1041,201,PAK,10.17,10,2,2018-06-07,2018,Pakistan,1482.0,314567541558.0
1042,202,CAY,8.5,9,2,2018-06-07,2018,Cayman Islands,86060.0,5522625585.0
1043,203,SMR,7.92,8,2,2018-06-07,2018,San Marino,48997.0,1655300873.0
1046,206,TCA,0.0,13,-4,2018-06-07,2018,Turks and Caicos Islands,29553.0,1113178000.0
1048,206,BAH,0.0,0,1,2018-06-07,2018,Bahamas,33768.0,13022100000.0
1050,206,SOM,0.0,0,1,2018-06-07,2018,Somalia,315.0,4720727283.0
1051,206,TGA,0.0,0,1,2018-06-07,2018,Tonga,4741.0,489235527.0
